lwage,yrs_school,ttl_exp,black
2.462927,12,10.33333,1
1.856449,12,13.62179,1
1.612777,12,17.73077,1
2.200974,17,13.21154,0
2.089854,12,17.82051,0
1.532477,12,7.326923,0
2.350531,12,19.04487,0
2.845265,18,15.55769,0
2.57137,14,14.25,0
2.047121,15,7.384615,0
2.82111,16,15.76923,0
2.739748,15,16.38461,0
1.655079,15,7.75,0
2.318559,15,14.21154,0
2.268184,15,15.85897,0
2.203645,15,15.01282,0
2.085862,15,15.34616,0
2.406495,14,16.46795,0
2.259815,14,17.75,0
1.430455,12,15.9359,0
2.281429,16,8.839744,0
3.348382,18,16.20513,0
2.320934,12,17.25,0
1.115643,18,5.544872,0
1.260325,12,8.737179,0
1.766927,15,5.557693,0
3.576036,16,9.423077,0
1.488025,12,10.26923,0
1.615858,12,10.39744,0
1.754576,12,12.84615,0
1.631732,10,7.365385,0
3.225279,15,10.38461,0
1.482555,12,7.384615,0
1.549718,13,11.48077,0
2.085862,15,11.03846,0
2.817749,13,16.08333,0
1.744779,12,10.5,0
2.009313,12,9.442307,0
1.915963,14,14.44231,0
2.525729,11,14.5,1
2.87341,12,16.32692,0
2.491327,14,5.717949,0
2.241385,11,6.192307,0
2.578115,17,16.26923,0
2.403588,18,9.833333,0
1.320144,17,8.948718,0
1.392715,16,8.788462,0
2.382999,12,17.41667,1
1.469676,8,7.544871,1
1.549718,12,6.660256,0
2.274828,12,20.69872,1
1.06421,6,7.320513,0
2.309006,12,19.75,1
2.142242,12,19.03205,0
2.139402,12,14.23077,0
1.722831,12,6.153846,0
1.441505,12,12.26282,0
1.726326,10,10.24359,0
1.535949,12,6.128205,0
2.739748,17,9.833333,1
1.575037,9,8.5,1
3.693819,14,12.91026,0
2.739748,18,15.11538,0
2.305924,15,7.076923,0
1.287354,10,14.32692,0
2.229962,12,7.666667,0
2.324091,18,13.67308,0
2.303389,11,17.39744,0
1.441505,14,10.60256,0
1.575037,13,16.98077,0
2.047121,17,11.30128,0
2.287169,16,14.83333,0
2.385967,15,17.83333,0
1.169571,12,11.50641,1
2.099765,12,12.84615,1
2.134652,12,17.1218,0
2.115421,12,13.78846,0
2.269849,12,13.26923,0
1.511386,12,12.80128,0
1.207312,14,11.55128,0
2.134652,11,19.00641,0
1.79818,10,5.596154,1
2.334283,14,10.33333,0
2.451893,18,13.26923,1
1.612777,11,15.64103,1
1.862719,10,16.90385,0
1.615858,16,15.85256,0
1.575037,12,10.11538,0
2.404316,13,16.85897,0
2.118329,16,9.256411,0
2.57137,16,15.91667,0
1.727757,13,10.78846,0
2.530548,16,16.69231,0
1.899532,16,7.692307,0
1.729187,15,18.78846,0
1.392715,16,4.980769,0
2.894122,16,10.58974,0
1.758746,16,13.92308,0
3.205257,18,9.480769,0
1.976047,17,12.09615,0
1.546294,12,15.30128,0
2.541386,18,17.49359,0
2.258133,13,16.26923,0
1.823198,15,9.846154,0
2.03877,18,9.064103,0
2.283072,12,16.30769,0
1.392715,14,24.75,1
2.451893,16,11.65385,1
1.940836,12,10.8718,0
1.449095,12,5.365384,0
1.506043,14,14.57692,0
2.22214,14,11.01923,0
1.19913,16,7.653846,0
2.085862,16,16.44872,0
1.631732,11,11.33333,0
1.267936,12,9.019231,0
.0049396,10,7.480769,0
1.990452,12,16.16667,0
2.291656,16,15.55769,0
1.77252,13,10.10256,0
1.581681,12,5.519231,0
1.029977,12,19.13461,0
1.115744,12,7.596154,0
1.729187,12,15.60897,0
2.175702,12,15.23077,0
3.14608,16,12.07051,0
2.503255,16,12.15385,1
2.562716,18,14.90385,0
2.759316,16,15.80769,0
1.940836,14,16.83333,0
1.479015,12,13.83333,0
2.411284,18,14.17308,0
2.268184,15,9.653846,0
3.39203,16,14.88461,0
1.502465,12,8.346154,0
1.900459,14,12.09615,0
1.766927,12,7.365385,0
1.528993,12,16.11539,0
1.392715,9,3.852564,0
2.499956,14,19.07692,1
1.558229,16,16.11539,1
2.085862,15,13.39744,1
2.0079,9,10.90385,1
2.142242,16,13.76923,1
1.980502,14,9.019231,0
2.482622,14,17.60256,1
2.175702,12,10.19872,0
2.404316,14,17.09615,0
2.269849,14,16.51923,1
1.264881,13,14.36539,0
1.486205,12,7.128205,0
1.990452,16,10.40385,0
2.085862,12,24.47436,0
2.382999,14,15.05769,0
3.656079,12,15.24359,0
2.292063,12,11.60256,0
2.337398,13,8.083333,0
2.442837,12,17.50641,0
3.170713,16,13.5641,0
2.021857,13,21.73718,0
2.074801,12,21.32693,0
1.575037,13,7.134616,0
1.698727,14,1.75,0
2.085862,8,8.865385,0
1.878838,16,16.36539,0
1.181994,14,13.71154,0
1.575037,13,12.94231,0
2.129879,16,11.40385,0
2.805164,16,16.76923,0
1.820593,12,13.58974,0
1.746185,12,10.5,0
1.837401,12,13.19872,0
.0317383,18,9.307693,0
1.784757,14,12.00641,0
2.320934,14,11.9359,0
1.707525,16,15.10897,0
1.755968,15,9.269231,0
1.207312,12,7.839744,0
1.837401,12,8.5,0
.5440826,11,12.58974,0
1.248933,12,12.45513,0
1.291193,12,8.807693,0
.9862493,12,1.128205,0
2.047121,13,5.852564,0
2.434404,16,15.97436,0
1.951187,12,9.217949,0
1.895911,13,13.27564,0
1.115744,12,6.916667,0
2.060544,12,18.25,0
2.09779,11,13.28846,0
1.980502,9,1.923077,0
1.729187,13,10.91667,0
2.402131,12,14.1859,0
2.453279,16,9.211538,0
2.154455,14,8.807693,0
2.42074,14,17.67308,0
1.656616,10,5.775641,0
2.219518,13,10.96154,0
1.325095,12,7.038462,0
3.576036,14,9.557693,0
1.766927,8,19.19231,0
1.13112,13,6.903846,0
1.97939,14,17.46154,0
1.912698,11,15.44872,0
1.050224,12,7.275641,0
1.13135,12,10.35256,0
1.884968,12,5.897436,0
2.115421,12,14.5,0
1.615858,12,5.75641,0
1.287354,17,11.78846,0
2.404595,18,15.69231,1
1.894761,12,12.57692,1
2.516345,16,8.01282,0
1.980502,12,14.28846,0
2.151649,16,13.66667,0
2.553363,12,18.48077,0
1.412291,10,5.288462,0
2.334283,16,15.05769,0
1.796846,14,18.58333,0
3.656079,12,8.423077,0
2.018653,12,9.166667,0
1.271676,12,13.40385,0
1.918626,12,16.92949,0
1.847605,12,12.46154,0
1.775252,7,5.923077,0
1.695778,14,9.576923,0
1.665791,12,21.75,0
1.98319,12,10.07692,0
.4356018,16,11.82692,0
1.724892,16,11.02564,0
1.267936,12,10.16026,0
1.239563,9,7.730769,0
3.114409,13,16.98077,0
1.488025,6,3.346154,0
1.563986,12,9.423077,0
1.837401,12,17.01923,0
2.268184,16,14.07692,0
2.532469,12,16.36539,0
1.430455,12,6.416667,1
2.125082,12,8.121795,1
3.034426,16,11.46154,1
2.07783,14,7.967948,0
.9243098,11,6.173077,0
2.403588,12,14.44872,0
2.269849,12,17.12179,0
2.186612,16,4.25,0
1.437688,12,11.61539,0
1.430455,12,2.807692,0
.608475,16,17.19872,0
2.162343,16,9.301282,0
2.309006,12,9.557693,0
2.480603,12,20.34615,0
2.991294,17,14.75,0
2.071763,16,4.75,0
2.309006,12,9.583333,0
2.017583,12,9.692307,0
.9996723,12,3.339744,1
2.91179,18,12.08974,0
2.541386,15,14.01923,0
2.266703,17,13.42949,0
2.714471,16,18.76923,0
2.045641,14,11.25,0
2.632346,13,11.3141,0
1.729187,10,7.326923,0
2.275656,17,10.58333,0
2.320143,18,2.615385,0
1.287354,12,6.365385,0
2.309006,8,14.92308,0
2.269849,16,20.33333,0
1.655079,12,11.78846,0
1.823198,12,11.01282,1
2.547707,17,10.55128,0
2.451893,12,11.71154,0
1.471526,9,6.538462,0
1.860215,15,7.544872,0
2.008981,15,12.40385,0
2.790937,12,14.76923,0
1.615858,12,8.410256,0
1.486544,12,7.685897,0
3.693819,14,11.72436,0
1.736305,14,11.72436,0
2.203645,14,15.48077,0
2.085862,16,11.34615,0
2.764403,18,9.788462,0
2.81196,12,19.1859,0
1.325095,10,1.474359,1
1.73794,11,2.942308,1
1.207312,12,7.025642,0
2.013291,13,14.00641,0
2.320934,12,18.87179,0
1.90314,12,14.20513,0
.8032166,12,17.5,0
1.46224,16,16.59615,0
2.302585,17,13.00641,0
2.585424,12,14.19231,0
2.233419,12,19.59615,0
2.483967,12,17.00641,0
1.609438,12,15.19231,0
1.169571,12,5.115385,0
2.903437,18,18.73077,0
2.585424,13,18.71795,1
2.455354,13,17.55128,1
2.180263,15,8.596154,1
2.09779,11,15.3782,1
1.655079,12,12.98718,1
3.002153,12,13.26923,0
1.566668,18,18.83333,0
2.346686,18,14.30128,0
2.293689,16,13.74359,0
2.309006,18,13.59615,0
3.107593,16,14.15385,0
2.309006,16,15.07692,0
2.142242,18,12.87179,0
2.172393,14,13.78846,0
2.287169,10,9.057693,0
1.430455,13,8.75,0
2.451893,10,15.32692,1
1.479245,12,9.448719,0
2.258133,11,8.532051,0
2.423762,12,19.35897,1
1.788802,12,11.16026,0
2.072776,12,12.94231,0
1.881294,12,11.04487,0
2.309006,12,21.96795,0
2.739748,14,14.58333,0
1.92528,16,8.282052,1
1.441505,11,5.25,1
1.79818,12,13.33333,0
1.862719,10,14.08333,0
2.62177,18,18.75,0
2.346686,12,14.48077,0
2.739748,14,18.01923,0
1.881531,11,14.21795,0
1.612777,12,14.55769,0
1.823198,12,19.60256,0
1.825795,12,13.62179,0
1.230196,12,8.326922,0
2.309006,12,19.75,0
2.547707,12,19.28205,0
1.900459,12,11.63461,0
1.655079,12,12.44231,0
1.181994,7,5.826923,0
1.018748,12,17.22436,0
2.031405,12,16.34615,0
3.669461,12,15.67308,1
1.729187,12,18.14744,1
1.655079,12,8.801282,0
2.385226,14,18.33974,0
2.628767,16,21.83333,0
1.575037,8,8.942307,0
1.535949,10,6.358974,0
2.028292,16,15.94231,0
1.544577,12,6.49359,0
1.707525,12,9.269231,0
1.887411,14,15.84615,0
2.299359,12,13.58974,0
2.362736,17,7.948718,0
1.952331,12,14.25641,0
1.940836,12,11.28846,0
1.169571,13,5.153846,0
1.168778,12,7.019231,0
1.698727,12,13.87821,0
1.078004,10,10.28846,0
2.111529,16,16.33333,0
1.211193,12,10.73077,0
1.653599,12,9.660256,0
.9922369,12,7.282052,0
1.094309,13,4.846154,0
1.273931,12,6.307693,0
2.795374,18,17.83333,0
2.585424,16,14.16667,0
1.751578,16,3.826923,0
3.432896,18,9.826923,0
1.628577,12,10.55128,0
2.783499,18,15.12821,0
2.264008,16,10.52564,0
1.194264,12,11.19231,0
2.451893,18,17.45513,0
1.851405,12,18.07051,0
2.049198,13,20.08333,0
2.422334,18,15.08974,0
1.758746,13,15.85897,0
2.565197,16,14.46795,0
1.892277,11,20.34615,0
1.392715,12,15.92308,0
1.819289,12,9.615385,0
2.209544,17,16.96795,0
2.064179,14,13.28846,0
1.422273,13,5.442307,0
1.862719,9,15.28205,0
1.615858,11,8.75,0
1.823198,12,12.92308,0
1.661214,12,4.403846,0
1.9466,10,5.596154,0
1.211193,12,12.32692,0
1.287354,12,14.84615,0
2.304375,14,15.03846,0
1.952331,13,15.76923,0
2.212495,13,15.03846,0
1.929208,13,15.42949,0
1.114024,7,5.980769,0
1.980502,12,18.13461,0
2.346686,12,13.84615,0
3.432935,13,12.51923,0
2.451893,17,15.83333,0
2.442837,18,10.35897,0
1.615858,10,9.153846,0
1.13135,16,11.69872,0
2.268184,14,12.55769,0
1.561483,12,12.39103,0
.6205243,18,17.63461,0
1.655079,13,15.07692,0
2.158183,12,10.79487,0
1.029977,12,5.48718,0
2.234282,16,18.15385,0
1.952331,14,17.26923,0
2.443536,15,20.20513,0
2.641469,15,20.80128,0
2.501036,12,4.134615,0
1.9362,18,9.923077,0
1.781112,12,4.769231,0
1.79818,10,6.839744,0
1.479245,12,11.19231,0
1.952331,14,19.91667,0
1.623827,12,11.78205,0
2.484638,18,10.04487,0
2.659662,14,18.60897,0
1.392715,13,12.61539,0
2.146957,13,13.84615,0
1.615858,12,8.301282,0
1.615858,16,11.61539,0
1.952331,13,17.1859,0
1.488724,12,1.916667,0
1.207312,12,7.326923,1
2.394816,14,16.76923,1
2.349763,12,15.66667,1
3.328286,14,15.35256,1
1.729187,12,16.69231,0
2.459492,16,14.19231,0
1.819791,16,16.49359,0
2.418039,18,16.17949,1
1.729187,12,12.88461,1
1.923343,12,17.16667,0
2.280606,16,13,0
3.288354,8,3.621795,0
1.615858,12,14.66667,1
2.922243,15,20.00641,0
2.760845,16,12.71154,0
2.269849,11,10.75641,0
2.400673,14,13.82692,0
1.13135,17,11.57692,0
1.923343,12,15.07692,0
2.516345,17,16.17308,0
2.194716,12,13.38461,0
1.814053,12,20.33333,0
2.922243,16,14.34615,0
1.764279,16,3.416667,0
1.981611,17,13.28846,0
1.169571,12,18.21154,0
2.125082,14,10.16026,0
1.992951,12,11.36539,0
1.940836,16,11.80769,0
1.615858,13,14.27564,0
1.79818,12,14.13462,0
.9862493,14,6.634615,0
2.457426,14,19.41667,0
1.574325,12,16.8782,0
2.40867,12,14.77564,0
2.269849,15,19.5,1
1.525496,12,9.666667,1
2.894122,14,16.66026,0
1.729187,12,12.55769,0
1.90314,16,16.75,0
2.123158,16,14.69231,0
1.211193,12,12.89102,1
2.346686,13,14.10897,0
1.615858,12,10.78846,0
1.612777,12,16.91667,0
1.488025,12,5.865385,0
.8445333,12,11.37821,0
1.450984,16,13.86539,0
1.910317,16,18.37821,1
2.137505,12,19.11538,1
2.962996,12,20.38461,0
1.430455,12,4.653846,0
2.107623,12,16.27564,0
1.525765,12,8.141026,0
1.488025,14,4.788462,0
2.047121,18,19.39743,0
1.940836,12,16.71154,0
2.714471,12,20.11539,1
1.612777,10,9.435898,0
2.589662,12,17.26282,0
2.070748,12,12.13461,0
1.941991,13,15.33974,1
1.952331,0,15.91667,1
1.169571,10,2.416667,1
1.771151,11,12.03205,0
1.559923,12,16.41667,0
1.737722,10,5.211538,1
2.471124,12,15.42308,0
2.095812,13,26.53846,1
2.491327,14,9.333333,1
1.83097,12,9.826922,1
2.070748,13,13.53846,1
1.260325,11,7.865385,1
1.392715,12,7.307692,0
3.470675,18,13.35897,1
2.005736,12,14.80769,0
1.823198,14,8.147436,0
1.915963,12,14,1
2.348226,13,12.60256,1
3.250574,12,19.15385,0
1.392715,16,7.307693,0
1.055843,12,5.615385,1
1.488025,12,6.730769,0
2.714471,12,20.30769,0
1.923343,13,12.98077,1
1.873905,15,2.570513,0
1.623827,12,9.576923,0
1.575037,11,3.282051,0
1.471526,15,9.557693,1
2.566204,16,5.942307,1
2.269849,14,9.692307,0
1.923343,13,7.038462,0
1.727706,16,14.28846,0
2.864728,18,14.36539,0
2.383742,18,10.69231,0
1.940836,17,11.34615,1
2.25476,12,20.83333,1
2.143405,12,6.25,0
1.253453,12,8.692307,0
1.689852,14,19.21154,1
2.029291,12,16.78846,1
2.001392,12,16.98077,0
1.325095,12,6.788462,0
1.169571,12,1.314103,0
2.146957,12,16.48077,1
1.994842,13,16.51923,1
1.230196,12,8.378205,1
2.404316,17,17.41667,1
1.743372,11,12.26923,1
2.160041,18,16.91667,0
2.372024,16,12.41026,0
1.392715,12,8.955129,1
1.706064,15,9.615385,0
1.362255,16,12.90385,0
2.547707,18,10.07692,0
1.392715,12,2.519231,0
2.0079,14,11,0
1.431935,12,8.326923,0
1.940836,12,10.98077,0
2.085862,12,13.88461,0
1.766927,12,4.576923,0
3.134204,12,11.17949,0
2.199191,14,7.596154,1
2.229096,15,15.83333,1
2.334283,12,12.14103,0
2.834917,17,17.88461,0
1.169571,14,5.26282,0
2.634561,16,17.15385,0
1.207312,12,14.33974,0
1.392715,15,13.66667,0
2.186612,15,11.28846,0
2.181172,14,10.5,0
2.545796,11,14.14103,1
1.69282,12,13.21795,1
2.315385,12,16.44231,1
2.080849,11,15.34615,1
2.422334,12,21,1
1.169571,12,5.173077,0
1.824497,15,12.95513,0
1.325095,11,4.442307,0
1.115744,11,5.807693,0
2.251376,18,15.90385,0
2.788464,18,18.83333,0
2.438629,17,15.61539,1
2.679188,16,12.9359,1
1.169571,12,16.08974,0
2.269849,16,11.69231,0
1.779337,12,8.814103,0
2.176616,12,17.40385,1
1.575037,12,5.185898,0
1.521987,12,10.6218,0
2.967033,18,15.63462,0
1.099209,11,2.429487,0
2.186612,15,13.69872,0
1.449095,16,7.705128,0
2.565197,18,8.711538,0
1.729187,13,15.92308,0
1.298404,12,7.538462,0
3.656079,12,10.08974,0
2.160041,16,15.55769,1
1.846335,12,15.01282,0
1.430455,12,16.84615,0
2.085862,18,11.44231,0
2.461555,17,15.0641,0
2.047121,18,13.82051,1
1.207312,8,5.653846,0
1.892277,16,14.85256,0
3.027431,16,19.05128,0
1.630155,12,9.942307,0
2.788464,17,13.90385,0
1.564986,12,13.53846,0
2.577504,18,16.01923,0
2.485547,12,14.40385,0
2.085862,12,16.13461,0
1.591566,12,13.51923,0
1.029977,12,11.92949,0
2.142242,16,18.03846,0
1.664267,13,6.628205,0
2.324091,18,14.28846,0
2.392611,17,14.5641,0
1.829678,16,4.403846,0
1.525765,16,8.576923,0
2.475198,12,18.42308,0
1.69282,12,5.230769,0
1.862719,12,15.87821,0
1.484713,12,7.769231,0
1.194264,11,2.121795,0
1.791491,13,17.13461,0
2.415525,10,6.634615,0
.8340982,10,4.076923,0
2.218913,12,14.05769,0
1.478892,12,14.91667,0
2.346686,18,7.064102,0
1.486205,16,11.03846,0
1.724892,12,13.86539,0
1.586636,12,13,0
1.90434,12,17.48718,0
2.054371,14,11.07692,0
1.828386,14,16.44231,0
1.90314,18,13.4359,0
1.817982,16,12.57692,0
2.516345,13,15.19231,0
1.392715,14,11.1282,1
1.574325,12,16.48077,0
1.189373,15,6.23077,1
3.656079,14,12.53846,1
1.766927,12,4.461538,0
2.714471,18,14.16667,1
1.892277,17,16.17308,1
1.548238,12,7.583333,1
1.392715,13,10.08333,0
1.834833,14,8.942307,0
2.019722,14,14.98077,0
1.688365,12,20.59615,0
1.223112,12,7.564103,0
2.516345,16,18.42949,0
1.287354,11,15.19872,0
1.311504,7,3.910256,0
1.309333,12,7.038462,0
2.085862,14,16.34615,0
1.541135,12,8.782051,0
1.207312,12,3.391026,0
1.9466,15,10.42308,0
1.558229,12,10.13462,0
.9129636,12,9.288462,0
1.196699,16,14.03846,0
1.514932,12,9.615385,0
2.373294,16,10.57692,0
1.806148,16,8.570513,0
1.382664,12,15.92308,0
1.900459,12,7.980769,0
1.207312,12,12.13461,0
1.441505,13,10.61538,0
1.169571,12,8.070513,0
1.441505,12,9.76282,0
1.353974,13,7.647436,0
1.115744,16,10.98077,0
2.237724,16,18.26923,0
1.313671,12,10.69231,0
.9771992,12,11.28846,0
1.382664,12,6.923077,0
2.186612,16,14.82692,0
2.593606,16,16.03846,0
1.050224,11,2.673077,0
1.677315,15,12.66026,0
2.275656,12,16.07051,0
2.324091,16,16.83333,0
2.636869,13,19.55128,0
1.913887,12,19.66667,0
2.562716,17,16.32051,0
3.027431,17,13.46795,0
2.312997,14,16.0641,0
1.207312,9,1.326923,0
1.883746,12,15.17308,0
1.575037,12,10.82692,0
2.901227,17,11.80769,0
1.862719,14,8.692307,0
1.612777,12,9.192307,0
1.029977,12,13.75,0
1.207312,12,12.11539,0
1.777977,12,18.73077,0
1.623827,12,8.756411,0
1.13112,12,14.44872,0
1.655079,11,10.15385,0
1.029977,12,6.576923,0
1.584986,13,12.96154,0
1.967078,9,11.46154,0
2.151649,18,14.83333,0
1.298404,13,8.826923,0
1.79818,8,6.346154,0
1.748909,14,13.17308,0
1.900459,16,14.97436,0
2.47858,14,18.25,0
1.506043,13,17.35897,0
2.503255,18,17.67308,0
2.739748,16,19.44231,0
1.341422,15,11.88462,0
1.03604,12,6.532051,0
1.558229,12,15.55769,0
1.27618,12,14.91026,0
1.287354,12,13.46154,0
2.123602,18,15.37821,0
2.133699,12,16.82692,0
2.871588,12,18.23077,0
2.123158,16,20.33333,0
1.658151,12,4.480769,0
1.929208,12,4.935897,0
1.575037,14,7.121795,0
2.349763,16,12.94231,0
1.729187,12,11.19231,0
1.994842,12,12.53846,0
1.662742,12,8.27564,0
2.195923,16,11.76923,0
1.589924,17,13.91667,0
1.332965,12,7.884615,0
1.392715,18,16.63461,0
2.411562,12,13.03846,0
1.541135,12,12.21154,0
1.105033,17,6.160257,0
2.516345,14,20.83333,0
1.768408,12,17.90385,0
3.693819,15,15.71154,0
2.606439,11,16.58333,0
2.363494,12,19.83333,0
1.736305,16,14.75,0
2.472484,12,20.39103,0
2.269849,14,14.51923,1
1.441505,11,15.64744,1
1.566668,12,7.717948,0
1.553131,12,7.826923,0
1.021651,12,5.352564,0
1.276543,12,8.089744,0
.7373081,12,13.55128,0
1.181994,12,6.057693,0
1.105033,12,8.692307,0
1.976047,12,17.02564,0
1.868949,12,18.84615,0
3.693819,13,10.19872,0
2.377038,16,15.99359,0
2.328023,16,16.57692,0
2.394081,15,15.02564,0
2.114449,13,7.788461,0
1.823198,12,13.25,0
2.018653,12,17.75,0
1.689852,12,10.13461,0
1.729187,12,13.88461,0
2.186612,14,21.08333,0
2.287986,16,11.38461,0
1.169571,12,9.076923,0
1.689852,12,11.53205,0
2.229962,18,10.89744,0
2.263171,12,15.90385,0
1.758746,12,6.057693,0
2.365007,18,16.98077,0
.5191513,12,6.576923,0
2.349763,13,17.75,0
1.944298,12,16.32692,1
1.615858,12,18.80128,1
1.441505,11,8.512821,1
1.021651,11,3.461538,1
2.046081,11,8.929487,0
1.101951,14,3.365385,0
2.445632,12,9.679487,1
1.118278,9,5.878205,1
1.287354,12,14.67308,0
2.805164,14,17.55769,0
3.027431,12,17.08333,0
1.917443,12,15.65385,0
1.900736,17,15.60256,0
2.595687,15,15.66667,0
1.612653,11,16.44872,0
1.021651,6,18.96154,0
1.169571,9,4.903846,0
.6995677,12,18.42308,0
.8305956,13,8,0
2.348226,15,14.19231,0
2.418039,18,11.59615,0
1.029977,16,6.724359,0
2.328808,14,9.961538,0
1.69282,12,19.77564,0
2.269849,12,15.8141,1
1.113001,9,12.13462,0
1.76978,16,12.98077,0
2.085862,12,7.615385,1
2.451893,12,15.3718,0
2.085862,12,19,0
1.900459,12,14.34615,0
2.13179,13,16.94231,0
2.397749,12,18,0
1.506043,13,14.42308,0
1.641136,17,11.44231,0
1.823198,18,14.38461,0
1.872668,17,16.01923,0
1.714798,12,10.30128,0
2.484638,18,17.28846,0
1.911508,12,18.84615,0
3.693819,12,26.84615,0
1.872668,12,13.88462,0
1.729187,12,10.17308,0
2.61649,12,13.10897,0
2.834917,17,18.83333,0
1.968204,16,15.86539,0
2.382999,16,12.87821,0
1.971052,12,14.67308,0
2.457021,13,7.961538,0
1.287354,12,10.92949,1
1.024545,12,12.74359,1
1.711895,11,10.83333,1
1.351893,12,11.21795,1
1.212005,10,12,1
.4764242,12,.4038461,1
1.353974,12,8.025641,0
2.491327,12,10.53846,0
1.264881,12,4.801282,0
1.015837,13,14.42949,0
1.69282,12,18.09615,0
3.693819,12,18.21154,0
2.438629,18,15.76282,0
2.229096,16,11.42308,0
1.024545,12,9.262821,0
2.045641,12,7.935897,0
2.111529,17,11.42949,0
2.524117,16,17.21154,0
1.729187,14,15.85898,0
2.123602,12,.9679487,0
1.614257,12,15.53846,0
1.287354,12,10.46154,0
1.506043,11,6.878205,0
1.986041,12,13.33974,0
1.439598,14,11.61539,0
1.76978,12,14.35897,0
1.980502,12,20.67308,0
2.320934,18,17.17308,0
1.791491,12,11.07051,0
1.950042,12,18.82692,0
2.045641,16,14.94231,0
2.717133,13,18.92308,0
2.067698,15,12,1
2.484638,17,14.08333,0
1.79818,12,15.12821,0
3.656079,13,14.5,0
1.230196,8,12.24359,0
1.717692,16,13.17308,0
1.488025,12,8.461538,0
1.255871,12,12.36539,0
1.615858,12,15.03846,0
1.913887,18,12.97436,0
2.382999,12,16.96154,0
1.181994,12,8.339744,0
1.777977,12,5.961538,0
1.03604,12,6.525641,0
1.90314,12,18.21154,0
2.069732,12,18.83974,0
2.414446,16,13.91667,0
2.488657,14,11.21795,0
3.431455,13,16.92308,0
2.489633,17,16.22436,0
2.606439,16,20.40385,0
2.08786,12,16.00641,0
1.84379,9,15.23077,0
2.103399,16,13.67308,0
1.729187,16,9.576922,0
1.392715,12,1.615385,0
1.115744,12,1.576923,0
1.050224,12,11.38461,0
1.534214,12,14.76282,0
1.206385,8,13.94872,0
1.392715,12,10.80769,0
1.578118,10,11.53846,1
1.682395,12,21.12821,0
2.229096,14,17.40385,0
1.535815,10,9.102564,0
1.758746,16,18.10897,0
2.066679,18,10.51923,0
1.941991,16,16.09615,0
1.287354,16,13.13462,0
1.291193,12,3.320513,0
1.443408,12,5.673077,0
1.169571,11,1.660256,0
1.230196,12,3.564103,0
1.758746,11,14.40385,0
2.834917,16,17.29487,0
1.191821,12,5.288461,1
1.1203,10,8.461538,0
2.289618,16,15.75,0
2.24713,13,17.5,0
2.072776,12,18.08333,0
2.423762,15,13.67308,0
2.575668,17,14.9359,0
1.293999,13,11.75641,0
2.342053,12,15.75,0
2.537575,17,16.75,0
1.575037,13,17.44231,0
1.523743,10,2.788462,0
2.08786,12,16.07692,0
.452338,13,15.71154,0
1.962564,12,6.769231,0
1.498875,12,6.660256,0
1.488025,12,18.44231,0
2.412283,8,8.25,0
1.615858,12,18.37179,0
.9082066,18,15.03846,0
1.724892,16,5.5,0
1.309333,11,8.282051,0
.6995677,12,5.051282,0
1.935039,13,8.326923,0
2.047121,12,18.01923,0
2.006819,13,12.78846,0
1.692819,14,14.07692,0
1.532477,16,5.057693,0
1.645805,12,12.78846,0
2.385967,15,16.22436,0
3.656079,12,15.71154,0
2.067698,13,16.39103,0
1.768408,11,14.03846,0
1.615858,12,7.5,0
1.726326,14,10.16667,0
1.615858,12,16.6859,0
2.203645,12,15.25,0
1.428081,12,3.564103,0
2.161896,12,18.48077,0
1.029977,12,1.576923,0
2.877949,13,18.60256,0
1.892931,12,13.46154,0
1.575037,13,12.13462,0
1.923343,12,13.80769,0
1.868949,12,12.24359,0
1.832259,12,21.05128,0
1.823198,12,13.61539,0
2.153521,12,18.75,0
2.121229,12,11.80769,0
1.706064,12,16.92308,0
1.892277,18,9.980769,0
1.639575,16,8.480769,0
1.523743,12,7.294872,0
2.068715,12,18.92308,0
1.211193,8,16.08974,0
1.206385,12,8.570513,0
1.758746,12,13.05769,0
2.225624,15,16.84615,0
1.575037,12,13.91026,0
2.224754,12,22.48077,0
1.615858,14,16.21795,0
1.88863,16,13.95513,0
1.762798,12,16.42949,0
2.186612,12,9.269231,0
2.068715,14,20.33333,0
2.023986,17,6.128205,0
2.727716,12,16.04487,0
1.430455,17,8.589744,0
1.993746,13,17.6859,0
1.197031,12,12.36539,0
1.086189,11,11.59615,0
3.576036,16,14.42949,0
2.535049,16,16.69231,0
2.297555,16,16.16667,0
1.536585,13,16.76923,0
1.430455,12,7.826923,0
2.441056,18,13.15385,0
2.212495,13,6.653846,0
1.029977,10,2.538462,0
1.662742,12,13.94231,0
1.156992,13,13.25,0
1.460373,18,9.288462,0
3.232311,16,14.74359,0
1.410252,12,14.89744,0
1.719136,12,5.211538,0
2.324091,12,13.26923,0
1.722018,12,12.11538,0
2.377785,12,19.39103,0
2.030349,12,19.21795,0
1.207312,10,9.480769,0
.406663,16,8.923077,0
1.689852,13,4.429487,0
1.326574,12,14.21154,0
1.330839,12,14.14103,0
2.165596,17,18.32692,0
2.555866,12,16.03846,0
1.539409,12,4.532051,0
1.105033,7,8.467949,0
1.862719,14,11.92949,0
1.341422,16,6.769231,0
1.762898,14,4.480769,1
2.788464,15,17.76282,0
1.612777,12,14.85898,0
1.658151,11,13.88461,0
1.392715,6,4.333333,1
2.123158,13,18.49359,1
1.615858,12,10.55128,1
1.837401,12,15.80769,1
1.655079,12,10.55769,0
1.83592,12,9.807693,1
2.307404,16,14.26282,1
1.969328,9,13.55769,0
1.273931,12,6.230769,0
1.824497,14,12.09615,0
2.684148,18,15.67308,1
1.533504,16,8.961538,0
2.269849,16,6.442307,0
1.612777,12,8.307693,0
3.693819,14,15.82692,0
1.536585,16,14.03846,0
2.737145,16,13.1859,0
2.150958,13,8.942307,0
2.074801,11,9.692307,0
1.83592,16,1.974359,0
2.269849,14,16.76282,0
1.764279,12,14.26923,0
1.848873,11,19.19231,0
1.653599,12,9.980769,1
1.105033,12,16.61539,1
1.267936,10,11.48077,1
2.057462,14,13.36538,1
1.063393,14,7.423077,1
2.26568,18,13.85256,0
1.615858,13,12.55769,1
1.951187,13,14.73077,1
1.018748,10,16.17308,1
2.309006,17,17.83333,1
2.460868,13,17.42949,1
1.264881,8,10.71795,1
2.181172,12,16.61539,1
1.741962,13,14.19872,1
1.532477,6,14.21154,1
1.441505,10,17.59615,1
2.067698,12,15.84615,0
2.382999,12,14.89103,1
2.680845,12,16.76923,0
1.586636,12,13.37179,1
2.278134,17,15.42308,1
1.653539,16,16.63461,1
2.085862,15,7.403846,1
2.451893,18,11.32692,1
2.739748,17,11.90385,0
1.125966,10,14.01923,1
1.615858,11,16,1
2.181172,12,10.59615,0
1.700199,12,6.192307,0
1.575037,12,4.858974,0
1.237239,12,2.576923,0
1.615858,11,8.788462,0
1.506043,12,1.923077,0
1.716247,13,9.923077,0
2.054371,14,11.88462,1
2.225624,12,16.39744,1
.6995677,12,3.5,1
1.823198,16,4.807693,1
1.181994,4,15.41026,1
1.823198,16,9.596153,0
2.346746,12,14.71154,1
2.047121,12,15.33974,1
2.714471,15,18.6859,1
2.334283,12,18.99359,0
1.613925,12,5.019231,1
2.404316,9,18.64103,1
1.961084,12,14.07692,1
1.990452,12,17.71795,1
1.267936,12,1.903846,1
1.923343,12,18.38461,0
2.111529,13,17.05128,0
2.452586,12,16.65385,0
1.578978,11,7.269231,0
2.095812,12,13.80769,0
1.862719,14,17.22436,1
2.006819,12,10.49359,0
1.325095,14,11.41026,0
1.06421,16,13.05769,1
1.79818,16,15.0641,1
2.324879,18,15.83333,1
1.456123,15,12.42308,1
1.430455,11,12.84615,0
1.829231,8,11.88461,0
1.313441,12,10.48077,0
1.574325,12,16.75641,0
2.124121,18,14.51923,0
2.739748,18,13.5,0
1.574325,15,15.30769,0
3.470675,13,11,0
2.085862,16,18.89744,0
2.857358,16,15.00641,0
2.346686,17,16.36539,1
3.693819,16,15.21154,1
2.309006,16,15.64744,1
1.449095,12,11.75,1
1.719136,12,5.826923,0
2.266515,13,17.73718,1
1.758746,12,16.17308,1
2.529068,18,18.89102,0
2.088857,16,7.339744,1
3.178121,18,10.82692,0
1.804824,7,3.333333,1
2.982766,18,13.17308,1
1.74899,11,4.5,0
1.575037,12,7.865385,0
1.056243,12,7.903846,0
2.585424,17,18.15385,1
1.194264,10,4.211538,0
1.392715,12,19.75,0
1.655079,10,12.17308,0
1.856449,12,20.40385,1
1.862719,12,14.88462,1
2.021857,14,14.32692,1
1.430455,14,11.78205,0
1.376585,12,9.897435,0
1.940836,12,15.8141,0
2.346746,16,18.05769,0
1.777977,13,6.698718,0
2.411562,18,16.94231,1
3.412407,18,10.61539,1
3.707372,15,10.69231,1
2.675143,14,15.01282,1
.9243098,16,7.666667,1
.9862493,10,8.615385,0
1.194264,9,11.53846,1
1.337202,8,7.50641,1
1.392715,12,11.44872,0
1.823198,12,7.230769,0
2.047121,13,15.80769,0
2.085862,12,14.53846,1
2.236004,13,15.15385,1
2.547707,14,12.39744,1
2.186612,16,16,1
1.788802,11,12.25,1
2.360459,12,13.11539,1
2.148295,12,4.942307,1
1.099209,12,.9166667,1
2.451893,14,9.923077,1
2.483295,12,5.288462,1
1.677894,11,14.86539,1
1.392715,12,8.038462,0
2.739748,18,13.75,0
1.863967,18,6.711538,0
2.819671,17,18.38462,0
2.309006,16,13.32692,0
2.494655,18,16.19231,1
1.929208,14,17.78846,0
2.788464,16,18.13461,0
1.02499,12,7.141026,1
1.488025,9,4.673077,0
2.320934,12,16.61539,0
2.507857,12,16.15385,0
1.479245,15,4.74359,0
2.14892,15,16.12179,0
1.392715,12,17.57692,0
2.269849,18,14.73077,0
2.036672,12,14.69872,0
1.88863,12,16.63461,0
2.606439,13,16.3782,0
1.667311,12,11.28846,0
1.928037,12,13.29487,0
1.392715,12,8.442307,0
1.133944,6,5.788461,0
1.655079,14,16.17308,0
2.639747,17,18.89103,0
1.790148,12,13.48077,0
1.978276,12,18.55769,0
1.733464,13,9.23718,0
1.469675,11,16.58333,0
2.308205,17,16.86539,0
2.24372,14,18.03846,0
.9922369,12,7.788462,0
2.429452,16,15.41026,0
2.364251,17,12.14744,0
3.693819,12,12.11539,0
1.576702,15,13.5,1
2.207194,17,14.58333,1
1.029977,11,13.65385,1
1.372512,13,8.185898,1
1.944298,12,18.59615,1
1.862719,12,15.83974,1
1.775252,18,14.94231,0
2.491327,18,18.39103,0
1.467822,12,14.65385,1
2.085862,12,9.391025,0
2.302585,17,15.65385,0
1.982721,14,14.36539,0
2.026112,12,12.51923,0
1.680897,12,3.365385,1
1.811425,12,13.89103,0
1.575037,11,10.66026,0
1.460373,12,15.5641,1
1.194264,12,13.67949,1
.9079762,16,6.115385,1
1.983829,12,12.07051,1
2.72138,17,17.26923,0
2.242866,12,18.69231,0
3.407618,16,14.96154,0
2.321724,16,14.12821,0
1.856449,12,19.03846,0
1.935039,17,14.51282,0
1.575037,12,9.121796,0
2.324091,17,11.94231,1
2.181172,12,21.33333,1
1.697254,15,10.42308,1
2.464298,12,16.48077,1
2.261495,18,16.32692,0
2.09779,14,15.12821,1
.6248441,12,.6923077,1
1.325095,12,14.13461,1
.9922369,8,3.25641,1
.9922369,12,2.346154,1
2.021857,12,17.78846,1
2.047121,14,11.63461,1
1.596471,9,9.673077,1
2.657406,16,17.69231,1
1.02499,12,16.75,0
1.441505,9,11.61539,1
1.27618,12,17.98077,1
1.851405,11,11.28846,1
2.452586,18,17.98077,1
.7690933,12,7.75,1
1.9362,14,14.90385,0
2.714471,16,7.666667,0
1.372512,10,17.01282,1
2.488657,18,12.91667,1
1.133944,6,5.423077,1
1.729187,7,6.717948,1
1.260325,8,10.89103,1
1.368422,9,16.65385,1
1.84379,11,15.09615,1
1.07378,8,8.564103,0
1.575037,11,6.596154,1
2.39555,17,13.36538,1
1.568347,12,12.58333,1
2.186612,18,13.6859,1
1.615858,12,7.634615,1
2.239441,12,6.666667,1
2.444934,12,16.16667,1
2.64662,17,13.84615,0
2.042517,12,14.71795,0
1.575037,13,10.92308,0
1.692819,16,14.94231,0
2.845265,17,13.90385,0
1.74899,12,16.86539,0
2.123602,14,14.35256,0
2.258335,15,14.67949,0
2.181172,12,13.78846,0
2.488657,13,13.92308,0
2.403588,12,17.19231,0
2.672168,18,15.32692,0
1.980502,16,9.596154,0
1.370805,14,6.346154,0
1.575037,12,7.243589,0
2.047121,14,9.871795,0
1.03604,0,5.269231,1
1.836159,17,13.41026,0
2.516345,16,14.25,0
2.451893,14,17.94872,0
2.334283,18,17.63461,0
2.447027,12,14.67308,0
2.516345,12,17.11539,0
2.853253,12,11.72436,0
2.146957,17,11.83333,0
1.184459,12,10.96154,0
1.499448,11,5.647436,0
1.506043,12,26.03846,0
1.486205,12,7.73718,0
1.441505,12,13.80128,0
1.967078,14,12.35256,0
.8818893,11,5.846154,0
1.392715,12,12.44872,0
1.850139,12,21.16026,0
2.382999,13,18.76923,0
1.79818,16,13.92308,0
1.588281,12,13.75,0
1.651997,12,12.5,0
1.689852,13,13.67949,0
1.169571,12,2.705128,0
3.511498,12,10.88461,0
1.768408,12,16.63461,0
1.287354,12,17.10256,0
2.182989,9,18.65385,0
1.599729,12,8.884616,0
2.229096,18,11.67308,0
1.441505,12,4.826923,0
2.085862,13,9.576923,0
1.692819,12,17.34615,0
2.047121,12,17.78846,0
1.575037,8,14.75641,1
1.144253,9,15,1
2.3058,12,18.75,1
2.688537,16,13.94231,1
2.362736,16,14.86539,0
1.85393,18,8.634615,0
.9922369,10,18.07692,1
1.078004,17,6.538462,1
1.024545,12,13.44231,1
1.661214,17,7.865385,0
2.547707,18,12.78846,0
1.535949,18,6.012821,0
1.766927,12,6.75,0
1.253453,10,15.42949,1
1.575037,12,16.51282,1
2.801951,12,19.42308,1
1.912698,12,22.51282,0
1.711895,11,19.58333,0
1.484713,12,12.51923,1
2.186612,14,13.91667,1
.9922369,11,11.78846,1
2.400673,16,14.96154,0
1.711895,10,16.25641,0
1.535949,12,12.32692,0
2.647691,9,17.32692,1
1.777977,12,11.55769,0
2.363494,17,13.92949,0
1.021651,8,10.25,1
1.9466,16,9.243589,0
1.764279,12,17.65384,0
1.883746,18,10.38461,0
1.622238,13,12.51282,0
2.328023,16,15.75,0
1.78713,12,9.480769,0
1.313441,12,14.11538,0
.9663358,12,14.44231,0
1.402665,7,11.42949,0
2.803214,17,12.41667,1
1.191821,12,13.76282,1
1.059391,12,6.76923,1
1.530736,6,13.44231,1
1.382664,11,10.16667,1
.868466,8,6.935897,1
1.440405,12,11.36539,0
1.30279,8,9.557693,1
1.392715,12,15.78205,1
1.622238,9,11,1
2.151649,18,16.83333,1
1.463896,12,2.25,1
2.204533,14,15.51923,1
1.320144,12,18.62179,1
2.018242,12,5.596154,1
2.042954,9,18.6859,0
2.278134,13,27.1923,0
1.169571,9,5.153846,1
2.142242,18,21.41667,1
2.367275,18,19.51282,0
2.245426,16,17,0
2.108601,14,17.79487,0
1.828386,12,14,1
1.507827,16,10.41667,0
1.615858,12,14.76282,1
1.576702,12,15.00641,1
1.03604,12,8.948718,1
1.546294,12,17.12179,1
1.535949,12,10,1
1.619053,12,18.40385,1
1.392715,12,9.865385,1
2.566435,18,12.01923,0
2.418039,18,13.64744,1
1.078004,10,11.34615,1
1.6943,12,14.57692,0
1.298404,9,14.28846,0
1.923343,12,17.92308,0
2.739748,12,19.08333,0
1.790148,10,8.910256,0
1.430455,12,13.07692,1
2.400673,16,15.64744,0
2.085862,12,15.01282,0
2.403588,17,12.55769,0
1.79818,12,20.3782,0
1.995769,12,9.211537,0
1.877607,12,13.13462,1
1.230196,13,16.96795,1
1.891062,12,11.17949,1
1.980502,9,14.46795,1
1.566668,12,18.67308,1
.7373081,11,13.08974,1
1.260325,9,9.75,1
.140951,12,3.5,1
1.824497,12,7.692308,1
2.14927,15,15.37821,0
1.692819,11,13.78846,0
2.451893,18,17.75,0
1.441505,9,14.10897,1
1.655079,12,13.42949,1
.8818893,12,8.980769,1
1.431935,8,10.10256,1
1.392715,10,13.73077,1
1.623827,12,16.86539,1
1.357884,12,8.916667,1
2.095812,13,6.442308,1
1.676389,12,16.78846,1
2.465667,18,12.96795,0
2.190222,17,20.33333,1
1.07378,9,10.0641,1
1.007052,12,14.66667,1
1.06421,10,2.333333,0
1.094309,12,9.833333,0
1.641136,10,17.08333,0
2.054371,12,17.34615,0
1.03604,10,14.51923,1
.6580342,12,13.42949,1
1.253453,11,8.307693,1
1.105033,10,8.673077,1
1.823198,12,16.97436,0
1.055843,12,8.608974,0
1.123527,12,6.198718,0
1.287354,12,9.02564,0
1.13135,12,4.320513,0
3.693819,9,3.666667,0
.6376917,9,3.24359,0
3.693819,12,14.8718,0
1.955753,17,14.42308,0
1.418382,12,11.69231,0
1.918626,16,17.44231,0
1.941991,12,7.070513,0
1.07378,12,5.288462,0
1.414476,16,14.12821,0
1.480726,10,9.807692,0
1.050224,12,5.769231,1
2.376764,10,7.153846,1
1.643557,13,14.78205,1
2.429452,15,19.05769,1
1.758746,16,12.73077,1
1.514932,12,9.519231,1
1.604595,11,6.474359,1
2.123602,16,10.13461,1
1.392715,17,5.730769,1
1.758746,12,11.91026,0
2.191122,13,16.23077,0
2.317767,16,15.23077,0
1.823198,12,17.76923,0
1.729187,12,16.83333,0
1.729187,13,13.42308,0
2.532469,16,11.69231,0
1.430455,14,6.628205,0
1.948896,12,16.5,0
1.142773,12,8.903846,1
1.719136,12,9.923077,0
2.280606,15,16.96154,0
1.465965,17,16.30769,0
3.693819,12,9.961538,0
1.357884,12,13.76923,0
2.532469,18,17.53846,0
.9604517,12,14.42949,1
1.764279,14,12.16667,1
2.309006,12,11.76282,0
2.055403,18,16.83333,0
.8818893,12,10.76923,0
1.404643,12,16.08333,1
1.912698,12,18.19872,1
1.952331,15,8.602565,0
1.392715,12,8.333333,0
2.382999,18,14.84615,0
2.346686,18,13.6218,0
1.099209,12,12.39103,0
2.442837,12,20.19872,1
.5942073,12,14.13461,1
1.579392,12,13.42308,1
1.980502,14,10.82692,0
1.655079,12,11.82692,0
1.441505,13,9.634615,0
2.111529,12,19.19231,0
1.724892,18,7.358974,1
.9922369,8,4.038462,1
2.442837,16,13.78846,1
1.441505,12,10.42949,1
2.054371,12,13.96154,1
2.149775,12,17.89744,1
1.392715,12,15.01923,1
1.45475,12,16.01923,1
1.615858,14,15.65385,1
2.382999,16,6.916667,1
2.451893,16,16.8782,1
1.115744,12,10.78846,0
1.353974,14,12.82051,0
1.628577,9,16.17308,1
1.862719,12,16.13461,1
1.863967,11,20.33333,0
1.416431,12,7.480769,0
1.584986,12,5.288462,0
1.915073,15,17.13461,0
2.203645,13,3.544872,0
.961932,12,9.115385,0
1.762898,12,9.134615,0
2.164424,18,8.326923,0
1.952331,13,10.33333,1
2.047121,16,10.80128,1
1.576648,12,10.84615,1
.8818893,10,4.717948,1
1.430455,12,15.13462,1
1.248844,12,8.884615,1
1.493465,11,3.51282,1
1.484382,9,15.03846,1
2.371041,8,16.16667,1
1.607826,12,16.02564,1
1.729187,12,18.07051,1
1.848873,13,18.38461,1
1.287354,14,20.38461,1
1.993746,12,18.94872,0
2.047121,16,14.59615,1
2.320934,11,13.98077,1
.7387879,16,3.846154,0
1.923343,11,11.98718,1
1.919034,15,6.179487,1
1.208792,12,7.666667,0
1.479245,12,14.26282,1
1.625412,14,11.17949,1
1.370469,16,20.78205,0
1.460373,12,12.0641,1
1.337202,9,5.282051,1
1.615858,12,19.07692,1
1.392715,12,17.98077,1
1.105033,12,9,0
2.154455,14,4.608974,0
1.435774,18,18.91667,0
2.085862,12,9.525641,0
1.95085,13,13.67949,0
1.729187,9,13,0
2.147897,16,13.51923,0
3.225296,12,19.01923,0
1.029977,11,3.160256,0
1.622238,6,20.19231,0
1.952331,10,11.95513,0
1.207312,12,6.756411,0
.8445333,11,4.589744,0
3.693819,18,15.23077,0
1.980502,10,3.884615,0
1.850139,14,13.3718,0
2.730344,17,14.5,1
2.57137,14,18.44872,1
1.810108,12,12.94231,0
1.392715,12,6.070513,0
1.351181,18,12,0
2.516345,16,13.15385,0
2.160969,16,12.05769,0
1.362255,12,10.83974,0
2.547707,12,14.8782,0
1.13112,11,5.173077,0
1.653539,11,21.69231,0
2.345916,18,16.71154,0
2.217767,18,19.91667,0
2.047121,12,12.58974,0
2.727716,16,15.32051,0
1.969328,16,16.44231,0
1.717692,12,13.61539,0
2.268184,12,14.09615,0
2.348226,12,11.23077,0
2.309006,17,12.28205,0
2.074801,17,7.538462,0
2.922677,14,11.59615,0
1.535949,15,18.83974,0
2.26735,8,12.24359,0
2.181172,14,12.86538,0
1.313671,14,8.320513,1
1.79818,13,11.92308,0
1.940836,12,16.57692,0
2.390401,14,7.25,1
2.006819,12,13.78846,1
2.207194,16,17.63461,1
1.838682,12,17.33333,0
1.968204,12,16.60897,1
1.378615,13,5.153846,0
2.085862,12,19.25,0
2.006819,15,16.26282,0
2.442137,15,12.46154,0
1.79818,12,20.60898,0
2.845265,16,18.75641,0
1.309333,9,12.9359,1
.9680666,12,4.615385,0
1.169571,12,6.384615,0
1.467822,13,9.557693,0
1.984935,12,11.57692,0
1.207312,17,14.61538,0
1.639575,12,7.435897,0
3.693819,11,5.320513,0
2.491327,13,21.79487,1
1.719136,12,13.84615,0
2.018242,13,15.67308,0
1.552673,12,7.807693,0
2.391875,12,14.86539,0
2.159112,12,16.5,0
2.455354,12,14.32692,0
2.324879,14,19.26923,0
2.134652,15,19.83333,0
1.102363,16,5.038462,0
1.638164,13,14.90385,0
1.824497,12,6.173077,0
2.412283,18,20.32051,0
2.134652,13,5.269231,0
2.607724,14,12.13462,0
2.451893,13,14.57692,1
2.871588,14,18.21154,0
1.862719,12,9.006411,0
.961932,4,8.608974,0
1.07378,13,15.51282,0
1.729187,12,10.33333,0
2.218913,18,18.1218,0
2.42162,15,10.75,0
2.585448,15,20.21154,0
2.124121,16,18.55769,1
1.574325,13,17.92308,0
2.053338,18,10.75,0
2.577504,10,13.55128,0
1.862007,12,8.25,0
1.976261,12,9.256411,0
1.829678,16,9.019231,0
1.911508,14,17.88461,0
2.181172,14,13.34615,0
2.209848,15,17.41026,0
2.688537,12,21.66667,0
2.076821,13,17.86539,0
2.142242,12,10.11539,0
2.922243,12,15.66667,0
2.247322,11,13.98077,0
2.491327,13,25.98718,0
1.541135,12,13.41026,0
2.460075,18,14.78846,0
1.905538,12,13.09615,0
2.106645,12,13.05769,0
1.764279,11,10.35897,0
2.023986,17,16.71154,0
2.508512,16,12.83974,0
2.203645,15,19.5,0
2.348226,12,7.711538,0
2.702128,18,10.19231,0
1.507827,13,7.532052,0
1.940836,18,12.60256,0
2.661913,17,14.61539,0
1.430455,5,9.442308,0
2.186612,18,14.69231,0
2.553989,12,13.25,0
2.012215,16,2.121795,0
2.309006,14,15.72436,0
2.071763,12,14.39103,1
2.229096,15,20.83333,0
2.090849,15,18.07692,0
2.186612,15,14.86539,0
2.160041,14,2.057692,0
2.81675,16,8.769231,0
1.697254,11,12.59615,0
1.655079,13,4.230769,0
2.085862,12,15.25,0
3.337625,14,15.30769,0
1.653539,16,14.5641,0
1.330839,12,5.929487,0
1.144253,13,15.32692,0
2.181172,12,17.01923,0
1.659978,12,15.3141,0
1.575037,12,9.288462,0
1.287354,12,5.230769,0
2.540118,12,16.79487,0
2.452586,13,16.04487,0
1.536585,10,14.90385,0
1.653599,12,7.134615,0
2.259815,16,6.346154,0
2.834917,18,9.557693,0
3.470675,14,11.96795,0
1.169571,12,11,0
1.644251,12,13.50641,0
1.154457,11,4.025641,0
1.392715,10,5.115385,0
1.940836,11,10.52564,0
2.178441,12,14.82692,0
2.278134,12,8.557693,0
2.006819,15,12.74359,0
2.334283,14,15,0
1.574325,16,13.33333,0
2.547707,17,13.19231,0
2.261495,16,14.09615,0
2.049198,13,21.21795,0
3.250574,18,14.05769,0
1.169571,12,8.839744,0
2.278134,16,18.44231,0
1.536585,14,13.07692,0
1.441505,12,8.147436,0
2.197403,14,12.61539,0
2.006819,13,13.19231,0
2.367275,18,12.75,0
2.739748,18,14.82692,0
2.039818,12,9.538462,0
1.230196,16,4.570513,0
2.309006,12,17.28846,0
1.467822,14,9.75,0
1.612777,12,13.33333,0
1.691337,11,11.41667,0
1.760132,12,12.32051,0
2.334283,16,8.461538,0
2.445632,14,16.32692,0
2.451893,17,14.21154,0
1.768408,12,7.807693,0
1.929208,14,19.39103,0
2.123602,12,18.51923,0
2.229096,12,7.153847,0
2.320143,15,15.22436,0
2.399211,12,9.166667,0
3.062683,12,5.5,0
2.0079,11,7.878205,1
1.923343,12,13.07692,0
1.90793,10,13,0
2.367275,12,16.09616,0
3.250574,15,17.11539,0
2.553363,16,15.75,0
1.892277,16,13.11539,0
1.255871,14,10.65385,0
1.574325,14,12.53846,0
1.642695,14,7.557692,0
2.355125,18,16.69231,0
1.206385,14,3.76282,0
2.622939,13,17.14744,0
2.329592,14,10.78205,0
2.005736,14,13.26923,0
3.020169,12,16.05769,1
1.468965,11,6.467949,0
1.837401,12,13.17308,0
2.324091,12,21.16667,0
1.968204,11,9.294872,0
1.313671,12,19.67949,0
1.253453,12,4.423077,0
3.693819,12,8.576923,0
1.878838,12,11.59615,0
2.606439,18,14.5641,0
2.962996,16,11.54487,0
1.872668,14,11.46154,0
2.055403,11,13.96795,0
2.278134,16,8.884616,0
1.941991,12,20.04487,0
.9922369,12,11.28846,0
2.517644,13,28.88461,0
1.856449,13,7.621795,0
2.411562,12,11.84615,0
1.07378,12,10.90385,0
1.941991,12,12.84615,0
1.574325,12,14.78846,0
1.799512,12,13.44231,0
1.707525,12,11.67308,0
1.614257,10,10.59615,0
1.563301,12,18.75,0
1.093583,12,4.057693,0
1.791491,10,6.519231,0
1.351181,16,15.41026,0
1.796846,14,13.62821,0
1.313441,10,13.05769,0
2.962996,18,14.08333,0
1.591566,12,7.99359,0
2.269849,14,16.67308,0
1.872668,12,16.54487,0
2.412283,12,18.70513,0
2.047121,12,10.46795,0
1.941991,13,8.865385,0
2.389663,15,15.98077,0
2.200974,18,20.41667,0
2.085862,16,13.57692,0
1.911508,11,9.416667,0
1.392715,14,7.756411,0
2.047121,17,7.961538,0
2.186612,14,16.64744,0
2.176616,15,14.19872,1
2.181172,13,16.71154,0
1.857706,12,8.160256,0
1.933651,12,3.083333,0
2.189321,12,9.269231,0
2.146957,14,4.064102,0
1.915073,12,5.5,0
1.351181,16,4.653846,0
1.655079,12,9.365385,0
1.655079,12,9.519231,0
2.071763,12,13.91667,0
2.111529,18,14.91667,0
1.729187,13,8.115385,0
2.269849,12,22.19872,0
2.172039,12,14.82051,0
1.895909,12,11.61538,0
1.800202,12,16.13461,1
2.516995,16,17.71154,0
1.325095,12,2.788461,0
2.108601,12,18.19231,0
1.872668,12,12.71154,0
1.89349,12,8.269231,0
3.656079,18,12.90385,0
.5911255,14,2.480769,0
2.526694,14,17.51282,0
3.117265,17,12.90385,0
1.711895,12,12.76282,0
2.501937,17,15.59615,0
2.348226,17,12.01923,1
2.491327,11,12.33333,0
2.400673,12,15.42308,0
1.337202,10,13.11539,0
1.575037,12,7.403847,0
1.83592,13,5.602564,0
1.479245,12,1.602564,0
1.84379,11,11.96154,0
1.169571,12,4.692308,0
1.762898,14,9.442307,0
1.900459,12,17.78846,0
1.615858,11,8.134616,0
2.03877,13,3.269231,0
1.676389,12,18.21154,0
2.655145,12,16.86539,0
1.612653,10,7.442307,0
.9945068,13,16.10256,0
.8445333,14,5.871795,0
2.516345,12,17.71795,0
2.095812,13,20.07051,0
1.984935,10,16.5,0
1.248844,12,15.25,0
1.729187,16,4.358974,0
2.547707,15,13.64744,0
1.872668,17,10.71795,0
2.281429,18,9.576923,0
1.430455,10,4.269231,0
2.229096,13,7.615385,0
2.48195,17,18.32692,0
.9922369,7,21.10256,0
1.156018,17,9.858974,0
1.689852,13,8.365385,0
3.576036,14,16.01282,0
2.422334,17,15.19231,0
1.351181,16,7.826923,0
1.839962,13,10.21795,0
.6793646,12,18.05769,0
1.823198,12,5.083333,0
1.799512,16,11.35898,0
2.566435,18,18.83333,0
1.441505,11,2.288461,0
1.207312,12,2.833333,0
1.431935,14,9.615385,0
1.365917,9,10.29487,0
1.392715,13,2.801282,0
1.852668,12,12.09615,0
1.989351,12,12.21154,0
2.264845,13,13.98077,0
2.348226,15,18.84615,0
2.324879,17,3.826923,0
2.191122,12,14.88461,0
1.02576,16,11.82692,0
2.309006,12,14.19231,0
1.799512,13,7.596154,0
1.615858,9,13.75,0
2.236865,12,12.22436,0
1.554833,14,6.269231,0
1.878838,12,6.698718,0
2.404316,15,13.80128,0
1.883746,10,17.75,0
1.79818,11,7.314103,0
1.42033,12,.1153846,0
1.325095,9,14.98077,1
2.085862,16,17.19872,1
1.347717,10,4.032051,1
1.392715,8,9.346154,0
1.449095,12,12.82051,1
1.287354,12,16.20513,1
1.615858,13,13.83974,1
1.862719,10,18.76282,1
2.324879,12,18.53846,0
1.575037,12,18.16667,1
1.639575,11,8.455129,1
2.180263,16,12.80128,1
1.239563,12,8.72436,1
.9588503,12,8.083333,0
1.437688,12,7.570513,1
1.758746,12,14.51923,1
1.823198,18,10.5,0
1.89349,13,14.55769,1
1.408588,10,10.47436,1
2.068715,14,11.99359,1
1.836118,13,9.294872,1
1.311504,16,9.576923,0
1.246532,12,10.58974,0
1.01494,12,3.737179,0
1.556533,11,10.33333,1
.4653741,10,9.461538,1
1.207312,12,7.589744,1
1.655079,12,17.42308,1
1.823198,15,16.96795,1
1.711895,11,7.403846,1
1.734885,9,14.94231,1
1.215977,10,20.83974,1
2.69127,16,14.88462,1
1.149368,4,8.051281,1
2.192921,12,14.17308,1
2.334283,18,16.58333,1
2.354361,16,13.53846,0
1.973812,12,17.27564,0
1.313671,12,12.48718,0
3.656079,16,14.32692,1
2.520238,12,19.61539,0
2.400673,14,19.30128,0
2.085862,12,20.36539,0
1.923343,9,15.21154,0
2.229096,17,12.01282,0
.8375887,14,11.98077,0
1.601354,12,8.173077,0
1.941991,12,14.21154,0
2.085862,12,8.974359,0
1.511386,12,13.42949,0
2.278134,16,17.92308,0
2.142242,15,12.10897,0
1.744779,9,17.42308,1
1.711895,14,15.79487,1
.9922369,10,9.833334,1
2.125834,12,21.07051,1
1.399996,11,12.4359,1
1.708984,14,13.86539,1
1.253453,15,15.28846,0
.7948779,12,11.55128,0
.6995677,12,4.442308,0
1.232004,18,16.07051,0
1.207312,7,5.788462,0
1.207312,11,15.05769,1
2.067032,14,9.673077,0
1.441505,12,10,0
.5942073,8,16.99359,1
1.593203,12,21,0
1.615858,12,10.91026,0
1.13135,12,13.90385,0
1.029977,12,11.57692,1
1.43001,12,8.532051,1
1.994842,11,14.53846,1
2.066679,18,17.3718,0
1.653599,12,15.52564,0
1.021651,12,10.87179,0
2.86885,12,8.692307,0
1.239563,6,6.403846,1
1.113001,7,7.5,1
1.105033,9,5.865385,1
.9922369,8,3.615385,1
.3313982,12,12.25,0
2.00248,12,16.42308,1
1.075261,12,7.788461,0
1.392715,7,17.99359,1
1.511386,12,14.23077,1
1.754329,12,3.288461,1
1.128749,12,15.38461,1
2.034569,13,8.423077,1
.9922369,7,22.89103,1
.586485,12,15.24359,1
1.03604,12,11.94231,1
1.83592,14,11.52564,0
1.392715,15,10.15385,1
2.012215,17,18.01923,0
1.196699,11,6.057693,0
.7193701,7,3.166667,0
1.392715,14,13.42308,1
2.503914,13,13.23077,1
1.923343,12,14.85897,0
3.225296,15,21.77564,0
1.394713,12,8.698718,0
1.806148,12,11.35897,0
1.467822,12,15.90385,0
1.615858,13,6.211538,0
1.169571,12,6.173077,1
2.675314,12,12.20513,0
.9922369,10,4.903846,0
1.211193,13,16.5,1
1.848873,14,16.01923,1
2.034569,12,12.03846,0
1.79818,6,12.41026,0
1.06421,12,6.25,1
2.229096,12,12.23718,0
1.029977,12,7.365385,0
1.711895,12,15.5641,1
2.047121,12,18.17949,1
2.283072,17,17.63461,0
1.382664,9,4.365385,1
1.07378,0,5.461538,0
1.872668,13,11.75,0
1.574325,12,15.24359,0
2.606439,12,13.55769,0
.9996723,16,7.403846,0
2.164424,11,16.24359,1
1.757358,11,14.73077,1
1.79818,11,14.89744,1
1.030309,9,10.42308,1
2.407714,15,15.57692,0
1.09161,10,1.794872,0
2.714471,18,19.67308,0
1.532477,12,15.48077,0
2.64833,17,12.03205,0
2.164673,12,19.42307,0
1.392715,13,10.62821,0
1.207312,12,14.73077,0
1.872668,11,12.01282,0
1.633305,12,11.73077,0
2.451893,18,14.59615,1
1.796846,13,18.78205,1
1.828386,12,14.86538,0
1.615858,9,8.038462,0
1.354263,16,10.25,0
1.362255,12,13.55769,0
1.729187,12,13.88461,0
2.817749,17,17.75,1
1.325095,12,9.685898,1
2.417321,12,9.442307,0
2.280606,14,8.141026,0
2.392611,12,11.69231,0
2.298551,13,18.91667,1
1.480726,10,5.423077,0
1.46224,11,9.903846,0
3.35506,18,15.23077,0
2.218003,18,12.39744,0
1.430455,8,11.34615,1
1.471277,16,16.39103,1
1.615858,12,10.19231,1
2.191122,11,15.25,1
1.710441,12,6.012821,1
.9872494,12,5.326923,0
2.022625,12,14.92949,1
1.729187,12,10.38461,1
1.554833,12,14.04487,1
1.836118,12,17.96795,1
1.175563,10,13.15385,1
2.071763,16,13.30769,1
1.402665,13,14.80769,1
2.309006,15,15.08333,1
2.047121,18,14.73718,1
1.488025,10,16.42308,0
1.588281,7,8.269231,1
1.207312,14,4.75,1
1.029977,11,4.423077,1
.6587456,13,9.634616,1
1.078004,12,14.38462,1
.6860148,12,6.794872,1
1.952331,12,15.44872,1
3.693819,16,15.22436,1
1.430455,11,11.60256,1
.2961002,8,7.25,1
1.298404,12,19.83333,1
2.673649,16,9.858974,1
1.08074,10,3.076923,1
1.863967,16,12.44231,0
1.253453,12,18.64744,0
1.90314,12,8.576923,1
1.963694,10,4.653846,1
1.404643,14,12.32692,1
1.478892,12,19.03846,1
1.823198,16,14.34615,1
1.06421,12,12.4359,1
1.715598,12,15.33333,1
1.791491,13,18.44231,0
1.532477,10,13,1
2.69617,17,14.62179,1
2.186612,12,18.13461,1
1.978276,16,11.44231,0
1.02499,6,11.90385,1
3.576036,17,9.660257,0
1.471526,12,17.48077,0
.6205243,12,9.679487,1
2.385226,15,18.17308,0
1.484382,12,11,0
1.760132,14,12.13461,0
1.007052,16,8.634616,0
1.649144,9,13.47436,0
1.115744,8,2.320513,0
1.078004,13,11.51923,0
1.530736,12,13.82692,0
1.430455,12,6.993589,0
3.656079,13,18,0
1.667311,10,13.99359,0
1.479245,12,10.92308,0
1.758959,12,11.23077,0
1.024545,17,11.07692,0
2.449115,12,12.36539,0
1.144253,10,2.788462,0
2.312997,18,17.85898,0
2.204533,18,17.91667,0
.9432975,12,12.48077,0
2.452586,16,17.91667,0
1.940836,16,13.04487,0
1.223112,12,13.39103,1
1.743372,13,7.423077,1
2.385967,18,15.13462,1
1.42033,12,8.608974,0
1.765657,12,6.25,0
1.392715,12,10.66026,0
1.486205,12,9.730769,0
1.670116,11,11.50641,0
2.202414,18,12.19231,0
1.777977,12,14.92949,0
3.656079,13,14.36539,0
1.955753,12,11.34615,0
1.506043,13,18.37179,0
1.207312,12,9.057693,0
1.105033,12,16.19231,1
1.431935,11,16.48077,1
1.181994,14,7.967949,1
1.439598,12,10.01923,1
1.392715,16,4.737179,0
2.551481,18,14.80769,1
1.916259,12,18.48077,0
1.680897,12,12.75,1
2.014366,17,16.97436,1
2.309006,12,7.141026,1
.9196296,17,3.576923,1
1.260325,14,15.9359,1
1.392715,7,9.416667,1
1.615858,12,12.89744,1
1.298404,12,17.29487,1
1.169571,12,10.16667,1
1.426447,11,9.423077,1
1.615858,12,10.51923,1
1.287354,11,16.94231,1
1.862719,12,16.39744,1
1.206385,12,15.83333,1
1.164752,12,16.08333,1
1.887411,12,18.5,1
1.74899,12,18.09615,1
2.085862,8,8.230769,1
1.115744,12,11,1
1.441505,12,15.40385,1
1.06421,12,15.37179,1
1.726326,9,14.75,1
.9862493,7,14.96154,1
2.060544,12,10.36539,1
1.506043,12,11.64103,1
.9922369,12,15.5,0
1.207312,12,6.391026,0
1.488025,12,15.23077,1
1.392715,16,12.82692,0
1.09161,11,19.6282,1
1.685384,12,11.75,1
.9922369,18,21.75,1
1.392715,12,10.5,1
1.376585,17,8.096154,1
1.207312,9,5.833333,0
2.258975,12,17.11539,0
1.320144,11,13.46154,1
1.655079,12,13.99359,1
1.804824,18,12.74359,0
1.351893,11,11.36539,1
2.599763,13,16.88461,1
1.952331,16,13.21154,1
2.166656,18,12.87821,0
1.990452,18,10.66667,1
.8818893,11,6,1
1.230196,12,9.076923,1
1.449095,14,13.83333,1
1.511386,9,6.102564,1
2.834917,16,19.92949,1
2.017583,15,16.11539,1
1.532477,12,14.80769,1
1.662742,9,11.6859,1
2.857358,16,16.84615,1
1.952331,11,16.82051,1
1.169571,14,13.60256,1
1.179521,11,12.69231,1
2.229096,12,15.70513,1
2.698883,12,15.41667,0
1.392715,13,8.961538,0
2.05127,12,17.55769,0
2.084861,12,16.42308,0
1.83097,12,11.70513,0
2.435109,14,18,0
1.343524,12,17.59615,0
2.006819,16,8.564102,0
1.306402,13,14.59615,0
1.431935,12,18.67307,0
1.929208,16,13.73077,0
1.298481,11,10,0
1.535949,12,20.33333,0
1.495271,12,5.910256,0
1.661214,11,13.32692,0
1.837401,12,7.73718,0
1.758746,12,7.070513,0
2.026752,12,12.46154,0
1.929208,12,13.69872,0
1.09161,13,.7948718,0
1.430455,12,7.532052,0
1.724892,12,8.608974,0
1.500672,12,6.166667,0
2.293689,12,17.5,0
2.309006,12,16.57051,0
1.952331,12,10.69231,0
3.076146,12,19.94872,0
2.278959,16,13.57692,0
1.818867,12,16.80769,0
2.557739,14,14.60897,0
2.031405,12,16.53846,0
1.680435,17,24.23718,0
3.576036,16,14.26923,0
1.392715,12,14.52564,0
1.248844,12,13.62179,1
1.963694,16,14.98077,1
1.615858,17,15.29487,1
2.230828,15,8.378205,1
2.404316,13,15.63462,1
1.79818,14,14.30128,0
1.676389,16,5.5,0
2.863809,17,15.66667,0
2.451893,13,16,0
2.402131,13,20.58333,0
1.755968,12,18.82692,0
1.143012,6,4.019231,1
.4459648,11,2.115385,1
1.574325,15,7.570513,0
2.164673,18,15,0
1.029977,10,7.807692,1
1.824497,16,6.044872,0
1.612777,12,12.65385,0
1.169571,7,15.80769,0
1.872668,14,13.84615,0
1.353974,16,10.17308,0
2.566435,18,16.39744,0
1.97939,17,9.653847,0
1.03604,12,.7115384,0
2.634561,17,14.83333,0
1.422273,0,15.69872,0
1.225479,6,9.185897,0
1.392715,12,9.185898,0
1.77252,17,16.71154,0
.8818893,11,4.038462,0
1.450984,12,14.33333,1
1.583335,12,14.08333,1
1.03604,12,5.525641,1
1.404111,12,4.365385,1
1.79551,12,15.16667,1
1.79818,13,7.628205,1
.9740042,12,10.26923,0
2.451893,16,18.47436,1
1.511386,9,17.42949,1
1.287354,12,14.15385,1
.7985071,10,4.352564,1
1.883746,12,13.66026,1
1.078004,12,6.839744,1
1.664566,9,5.019231,1
.9082066,18,16.07692,0
2.023986,18,18.83333,0
1.549718,12,12.83333,1
1.549718,12,11.05769,1
2.269849,12,12.27564,0
1.392715,12,7.038462,0
.9495477,10,3.826923,0
1.558229,7,15.96154,1
2.586637,16,14.25,0
2.71073,17,13.25,1
1.029977,12,.8846154,1
1.447203,12,10.24359,0
1.615858,13,14.48077,0
1.707857,12,11.98718,0
2.661913,16,12.70513,0
1.341422,12,18.85897,0
.8951342,12,11.16026,1
1.968204,12,10.59615,1
